<?xml version="1.0" encoding="UTF-8"?>
<root>
  <item name="com.tonicartos.superslim.LayoutManager.LayoutParams boolean areHeaderFlagsSet(int) 0">
    <annotation name="android.support.annotation.IntDef">
      <val name="flag" val="true" />
      <val name="value" val="{com.tonicartos.superslim.LayoutManager.LayoutParams.HEADER_INLINE, com.tonicartos.superslim.LayoutManager.LayoutParams.HEADER_ALIGN_START, com.tonicartos.superslim.LayoutManager.LayoutParams.HEADER_ALIGN_END, com.tonicartos.superslim.LayoutManager.LayoutParams.HEADER_STICKY, com.tonicartos.superslim.LayoutManager.LayoutParams.HEADER_OVERLAY}" />
    </annotation>
  </item>
  <item name="com.tonicartos.superslim.LayoutManager.LayoutParams headerDisplay">
    <annotation name="android.support.annotation.IntDef">
      <val name="flag" val="true" />
      <val name="value" val="{com.tonicartos.superslim.LayoutManager.LayoutParams.HEADER_INLINE, com.tonicartos.superslim.LayoutManager.LayoutParams.HEADER_ALIGN_START, com.tonicartos.superslim.LayoutManager.LayoutParams.HEADER_ALIGN_END, com.tonicartos.superslim.LayoutManager.LayoutParams.HEADER_STICKY, com.tonicartos.superslim.LayoutManager.LayoutParams.HEADER_OVERLAY}" />
    </annotation>
  </item>
</root>

